Start Date and Time,End Date and Time,Client,Account Holder,Pickup Address,Destination Address,Driver,Vehicle,Booking Source,Booking Time,Journey Cost,Shared Journey,Journey Repeat Interval (Days),Status,Journey Type,Payment Type,Notes,Signatory,Assigned Team,Created,Created By,Modified,Modified By
23/02/2016 10:00,23/02/2016 11:00,Jenny Jones,Jenny Jones,"123 Test Street, Weeley Heath, CO16 9AB","12 Juniper Close, Towcester, NN12 6XP",Larry Limo,YY88YYY,Telephone,14/02/2016 15:40,15,23 Feb 2016 10:00 Shared Journey,0,Complete,,Invoiced,,Mr. Jenny Jones,Demo Franchisee 2,14/02/2016 16:05,Demo Franchisee2,14/02/2016 16:36,Larry Limo
23/02/2016 10:30,23/02/2016 11:00,Paula Poppins,Paula Poppins,"70 Belle Vue Road, Wivenhoe, Colchester, CO7 9LD","12 Juniper Close, Towcester, NN12 6XP",Larry Limo,YY88YYY,Telephone,14/02/2016 16:15,20,23 Feb 2016 10:00 Shared Journey,0,Complete,,Invoiced,,Mr. Jenny Jones,Demo Franchisee 2,14/02/2016 16:19,Demo Franchisee2,14/02/2016 16:36,Larry Limo
08/04/2016 10:00,08/04/2016 12:30,Jenny Jones,Jenny Jones,"123 Test Street, Weeley Heath, CO16 9AB","Cinema, Weeley Heath, CO15 4TG",Terry Tompkins,YY88YYY,Telephone,07/04/2016 14:25,0,,0,Complete,,Cash on Arrival,,Jenny Jones,Demo Franchisee 2,07/04/2016 14:44,Demo Franchisee2,07/04/2016 15:03,Terry Tompkins
22/04/2016 10:00,22/04/2016 11:00,Lennie Lima,Lennie Lima,"456 Test Street, Test Town, Test Town, CO15 4BP","Cinema, Test Town, CO15 9UP",Terry Tompkins,YY88YYY,Telephone,21/04/2016 12:25,0,22 Apr 2016 10:00 Shared Journey,0,Complete,,Cash on Arrival,,Lennie Lima,Demo Franchisee 2,21/04/2016 12:43,Demo Franchisee2,21/04/2016 13:16,Terry Tompkins
11/05/2016 10:00,11/05/2016 11:00,Paula Poppins,Paula Poppins,"70 Belle Vue Road, Wivenhoe, Colchester, CO7 9LD","Cinema, Bath, BA14 7AN",Terry Tompkins,YY88YYY,Telephone,10/05/2016 14:40,0,,0,Complete,,Cash on Arrival,,Paula Poppins,Demo Franchisee 2,10/05/2016 14:54,Demo Franchisee2,26/05/2016 14:18,Terry Tompkins
05/11/2016 13:00,05/11/2016 14:00,Paula Poppins,Paula Poppins,"Cinema, Bath, BA14 7AN","70 Belle Vue Road, Wivenhoe, Colchester, CO7 9LD",Terry Tompkins,YY88YYY,Telephone,10/05/2016 14:55,0,,0,Booked,,Cash on Arrival,,,Demo Franchisee 2,10/05/2016 14:56,Demo Franchisee2,,
25/05/2016 10:00,25/05/2016 12:30,Jenny Jones,Jenny Jones,"123 Test Street, Weeley Heath, CO16 9AB","Cinema, Weeley Heath, CO16 9AB",Terry Tompkins,YY88YYY,Telephone,24/05/2016 12:15,0,,7,Complete,,Cash on Arrival,,Jenny Jones,Demo Franchisee 2,24/05/2016 12:28,Demo Franchisee2,24/05/2016 12:53,Terry Tompkins
01/06/2016 10:00,01/06/2016 12:30,Jenny Jones,Jenny Jones,"123 Test Street, Weeley Heath, CO16 9AB","Cinema, Weeley Heath, CO16 9AB",Terry Tompkins,YY88YYY,Telephone,24/05/2016 12:53,0,,7,Complete,,Cash on Arrival,,,Demo Franchisee 2,24/05/2016 12:53,Terry Tompkins,27/09/2016 12:11,Terry Tompkins
27/05/2016 10:00,27/05/2016 11:00,Lennie Lima,Mrs Test Daughter,"456 Test Street, Test Town, Test Town, CO15 4BP","Cinema, Weeley Heath, CO16 9AB",Terry Tompkins,YY88YYY,Telephone,26/05/2016 13:00,0,27 May 2016 10:00 Shared Journey,7,Complete,,Invoiced,,Lennie Lima,Demo Franchisee 2,26/05/2016 13:08,Demo Franchisee2,26/05/2016 14:20,Terry Tompkins
27/05/2016 10:30,27/05/2016 11:30,Jenny Jones,Jenny Jones,"123 Test Street, Weeley Heath, CO16 9AB","Cinema, Weeley Heath, CO16 9AB",Terry Tompkins,YY88YYY,Telephone,26/05/2016 13:10,15,27 May 2016 10:00 Shared Journey,0,Complete,,Cash on Arrival,,Lennie Lima,Demo Franchisee 2,26/05/2016 13:13,Demo Franchisee2,26/05/2016 14:20,Terry Tompkins
03/06/2016 10:00,03/06/2016 11:00,Lennie Lima,Mrs Test Daughter,"456 Test Street, Test Town, Test Town, CO15 4BP","Cinema, Weeley Heath, CO16 9AB",Terry Tompkins,YY88YYY,Telephone,26/05/2016 14:20,0,,7,Complete,,Invoiced,,,Demo Franchisee 2,26/05/2016 14:20,Terry Tompkins,21/09/2016 16:35,Terry Tompkins
30/06/2016 10:00,30/06/2016 11:00,Paula Poppins,Paula Poppins,"70 Belle Vue Road, Wivenhoe, Colchester, CO7 9LD","Cinema, Weeley Heath, CO16 9AB",Terry Tompkins,YY88YYY,Telephone,29/06/2016 11:25,0,,0,Complete,,Cash on Arrival,,Paula Poppins,Demo Franchisee 2,29/06/2016 11:39,Miss Abigail Bowhen,29/06/2016 12:33,Terry Tompkins
29/06/2016 11:45,29/06/2016 12:45,Paula Poppins,Paula Poppins,"70 Belle Vue Road, Wivenhoe, Colchester, CO7 9LD","Cinema, Bath, BA14 7AN",Larry Limo,YY88YYY,Telephone,29/06/2016 11:25,0,,0,Complete,,Cash on Arrival,,Paula Poppins,Demo Franchisee 2,29/06/2016 11:39,Mr. James Needham,29/06/2016 12:33,Larry Limo
17/08/2016 13:30,17/08/2016 14:30,Paula Poppins,Paula Poppins,"70 Belle Vue Road, Wivenhoe, Colchester, CO7 9LD","Cinema, Bath, BA14 7AN",Larry Limo,YY88YYY,Telephone,29/06/2016 12:33,0,,0,Complete,,Cash on Arrival,,,Demo Franchisee 2,29/06/2016 12:33,Larry Limo,28/12/2016 18:40,Larry Limo
10/08/2016 10:00,10/08/2016 11:00,Lennie Lima,Mrs Test Daughter,"456 Test Street, Test Town, Test Town, CO15 4BP","Cinema, Bath, BA14 7AN",Terry Tompkins,YY88YYY,Telephone,01/08/2016 15:25,0.01,,0,Complete,,Invoiced,,,Demo Franchisee 2,01/08/2016 15:46,Demo Franchisee2,18/11/2016 15:33,Demo Franchisee2
09/09/2016 17:00,09/09/2016 17:30,Paula Poppins,Paula Poppins,"70 Belle Vue Road, Wivenhoe, Colchester, CO7 9LD","Cinema, Weeley Heath, CO16 9AB",Larry Limo,YY88YYY,Telephone,07/09/2016 15:00,0,,7,Complete,,Invoiced,,,Demo Franchisee 2,07/09/2016 15:04,Miss Abigail Bowhen,07/09/2016 15:05,Larry Limo
16/09/2016 17:00,16/09/2016 17:30,Paula Poppins,Paula Poppins,"70 Belle Vue Road, Wivenhoe, Colchester, CO7 9LD","Cinema, Weeley Heath, CO16 9AB",Larry Limo,YY88YYY,Telephone,07/09/2016 15:05,0.01,,7,Complete,,Invoiced,,,Demo Franchisee 2,07/09/2016 15:05,Larry Limo,13/10/2016 14:00,Demo Franchisee2
30/09/2016 17:00,30/09/2016 17:30,Paula Poppins,Paula Poppins,"70 Belle Vue Road, Wivenhoe, Colchester, CO7 9LD","Cinema, Weeley Heath, CO16 9AB",Larry Limo,YY88YYY,Telephone,07/09/2016 15:05,0,,7,Complete,,Invoiced,,,Demo Franchisee 2,07/09/2016 15:05,Larry Limo,29/06/2018 17:23,Larry Limo
10/06/2016 10:00,10/06/2016 11:00,Lennie Lima,Mrs Test Daughter,"456 Test Street, Test Town, Test Town, CO15 4BP","Cinema, Weeley Heath, CO16 9AB",Terry Tompkins,YY88YYY,Telephone,21/09/2016 16:35,0.01,,7,Complete,,Invoiced,,,Demo Franchisee 2,21/09/2016 16:35,Terry Tompkins,07/12/2016 13:59,Miss Abigail Bowhen
24/06/2016 10:00,24/06/2016 11:00,Lennie Lima,Mrs Test Daughter,"456 Test Street, Test Town, Test Town, CO15 4BP","Cinema, Weeley Heath, CO16 9AB",Terry Tompkins,YY88YYY,Telephone,21/09/2016 16:35,0.01,,7,Complete,,Invoiced,,,Demo Franchisee 2,21/09/2016 16:36,Terry Tompkins,07/12/2016 13:59,Miss Abigail Bowhen
30/06/2016 10:00,30/06/2016 11:00,Lennie Lima,Mrs Test Daughter,"456 Test Street, Test Town, Test Town, CO15 4BP","Cinema, Weeley Heath, CO16 9AB",Terry Tompkins,YY88YYY,Telephone,21/09/2016 16:35,0.01,,7,Complete,,Invoiced,,,Demo Franchisee 2,21/09/2016 16:37,Terry Tompkins,18/10/2016 16:10,Demo Franchisee2
08/07/2016 10:00,08/07/2016 11:00,Lennie Lima,Mrs Test Daughter,"456 Test Street, Test Town, Test Town, CO15 4BP","Cinema, Weeley Heath, CO16 9AB",Terry Tompkins,YY88YYY,Telephone,21/09/2016 16:42,0,,7,Complete,,Invoiced,,,Demo Franchisee 2,21/09/2016 16:42,Terry Tompkins,21/09/2016 16:43,Terry Tompkins
14/07/2016 10:00,14/07/2016 11:00,Lennie Lima,Mrs Test Daughter,"456 Test Street, Test Town, Test Town, CO15 4BP","Cinema, Weeley Heath, CO16 9AB",Terry Tompkins,YY88YYY,Telephone,21/09/2016 16:40,0.01,,7,Complete,,Invoiced,,,Demo Franchisee 2,21/09/2016 16:43,Terry Tompkins,18/11/2016 17:58,Terry Tompkins
08/06/2016 10:00,08/06/2016 12:30,Jenny Jones,Jenny Jones,"123 Test Street, Weeley Heath, CO16 9AB","Cinema, Weeley Heath, CO16 9AB",Terry Tompkins,YY88YYY,Telephone,27/09/2016 12:11,0,,7,Complete,,Cash on Arrival,,,Demo Franchisee 2,27/09/2016 12:11,Terry Tompkins,04/10/2016 16:58,Demo Franchisee2
04/10/2016 17:00,04/10/2016 18:00,Jenny Jones,Jenny Jones,"123 Test Street, Weeley Heath, CO16 9AB","Cinema, Bath, BA14 7AN",Terry Tompkins,YY88YYY,Telephone,04/10/2016 10:30,0,,0,Complete,,Cash on Arrival,,,Demo Franchisee 2,04/10/2016 10:51,Demo Franchisee2,13/10/2016 13:58,Demo Franchisee2
05/10/2016 10:00,05/10/2016 11:00,Jenny Jones,Jenny Jones,"123 Test Street, Weeley Heath, CO16 9AB","Cinema, Weeley Heath, CO16 9AB",Larry Limo,YY88YYY,Telephone,04/10/2016 15:55,0.01,,0,Complete,,Invoiced,,,Demo Franchisee 2,04/10/2016 16:29,Demo Franchisee2,18/11/2016 15:32,Demo Franchisee2
15/06/2016 10:00,15/06/2016 12:30,Jenny Jones,Jenny Jones,"123 Test Street, Weeley Heath, CO16 9AB","Cinema, Weeley Heath, CO16 9AB",Terry Tompkins,YY88YYY,Telephone,04/10/2016 16:58,0,,7,Complete,,Cash on Arrival,,,Demo Franchisee 2,04/10/2016 16:58,Demo Franchisee2,10/10/2016 12:22,Demo Franchisee2
11/10/2016 10:00,11/10/2016 11:00,Lennie Lima,Mrs Test Daughter,"456 Test Street, Test Town, Test Town, CO15 4BP","Cinema, Weeley Heath, CO16 9AB",Terry Tompkins,YY88YYY,Telephone,10/10/2016 11:30,0.01,,0,Complete,,Invoiced,,,Demo Franchisee 2,10/10/2016 11:52,Demo Franchisee2,18/11/2016 17:58,Terry Tompkins
22/06/2016 10:00,22/06/2016 12:30,Jenny Jones,Jenny Jones,"123 Test Street, Weeley Heath, CO16 9AB","Cinema, Weeley Heath, CO16 9AB",Terry Tompkins,YY88YYY,Telephone,10/10/2016 12:22,0,,7,Complete,,Cash on Arrival,,,Demo Franchisee 2,10/10/2016 12:22,Demo Franchisee2,14/10/2016 13:09,Demo Franchisee2
15/10/2016 10:00,15/10/2016 11:00,Paula Poppins,Paula Poppins,"70 Belle Vue Road, Wivenhoe, Colchester, CO7 9LD","Cinema, Bath, BA14 7AN",Terry Tompkins,YY88YYY,Telephone,14/10/2016 12:30,0.01,,0,Complete,,Cash on Arrival,,,Demo Franchisee 2,14/10/2016 12:48,Demo Franchisee2,18/10/2016 15:54,Demo Franchisee2
29/06/2016 10:00,29/06/2016 12:30,Jenny Jones,Jenny Jones,"123 Test Street, Weeley Heath, CO16 9AB","Cinema, Weeley Heath, CO16 9AB",Terry Tompkins,YY88YYY,Telephone,14/10/2016 13:09,0,,7,Complete,,Cash on Arrival,,,Demo Franchisee 2,14/10/2016 13:09,Demo Franchisee2,03/11/2016 13:08,Demo Franchisee2
06/07/2016 10:00,06/07/2016 12:30,Jenny Jones,Jenny Jones,"123 Test Street, Weeley Heath, CO16 9AB","Cinema, Weeley Heath, CO16 9AB",Terry Tompkins,YY88YYY,Telephone,03/11/2016 13:05,0.01,,7,Complete,,Invoiced,,,Demo Franchisee 2,03/11/2016 13:08,Demo Franchisee2,18/11/2016 15:34,Demo Franchisee2
21/07/2016 10:00,21/07/2016 11:00,Lennie Lima,Mrs Test Daughter,"456 Test Street, Test Town, Test Town, CO15 4BP","Cinema, Weeley Heath, CO16 9AB",Terry Tompkins,YY88YYY,Telephone,18/11/2016 17:58,0.01,,7,Complete,,Invoiced,,,Demo Franchisee 2,18/11/2016 17:58,Terry Tompkins,21/11/2016 14:00,Demo Franchisee2
28/07/2016 09:00,28/07/2016 10:00,Lennie Lima,Mrs Test Daughter,"456 Test Street, Test Town, Test Town, CO15 4BP","Cinema, Weeley Heath, CO16 9AB",Terry Tompkins,YY88YYY,Telephone,21/11/2016 14:00,0.01,,7,Complete,,Invoiced,,,Demo Franchisee 2,21/11/2016 14:00,Demo Franchisee2,28/02/2017 12:50,Demo Franchisee2
13/12/2016 10:00,13/12/2016 11:00,Lennie Lima,Mrs Test Daughter,"456 Test Street, Test Town, Test Town, CO15 4BP","Cinema, Weeley Heath, CO16 9AB",Terry Tompkins,YY88YYY,Telephone,12/12/2016 19:05,0.01,,0,Complete,,Invoiced,,,Demo Franchisee 2,12/12/2016 19:06,Miss Abigail Bowhen,12/12/2016 19:14,Demo Franchisee2
13/12/2016 13:00,13/12/2016 14:00,Lennie Lima,Mrs Test Daughter,"Cinema, Weeley Heath, CO16 9AB","456 Test Street, Test Town, Test Town, CO15 4BP",Terry Tompkins,YY88YYY,Telephone,12/12/2016 19:05,0.01,,0,Complete,,Invoiced,,,Demo Franchisee 2,12/12/2016 19:07,Miss Abigail Bowhen,12/12/2016 19:14,Demo Franchisee2
14/12/2016 10:00,14/12/2016 11:00,Lennie Lima,Mrs Test Daughter,"456 Test Street, Test Town, Test Town, CO15 4BP","Cinema, Weeley Heath, CO16 9AB",Terry Tompkins,YY88YYY,Telephone,12/12/2016 19:05,0.01,,0,Complete,,Invoiced,,,Demo Franchisee 2,12/12/2016 19:09,Miss Abigail Bowhen,13/12/2016 11:49,Demo Franchisee2
14/12/2016 13:00,14/12/2016 14:00,Lennie Lima,Mrs Test Daughter,"Cinema, Weeley Heath, CO16 9AB","456 Test Street, Test Town, Test Town, CO15 4BP",Terry Tompkins,YY88YYY,Telephone,12/12/2016 19:05,0.01,,0,Complete,,Invoiced,,,Demo Franchisee 2,12/12/2016 19:09,Miss Abigail Bowhen,12/01/2017 14:31,Miss Abigail Bowhen
14/12/2016 10:00,14/12/2016 11:00,Paula Poppins,Paula Poppins,"70 Belle Vue Road, Wivenhoe, Colchester, CO7 9LD","Cinema, Weeley Heath, CO16 9AB",Terry Tompkins,YY88YYY,Telephone,13/12/2016 11:00,0.01,,0,Complete,,Cash on Arrival,,,Demo Franchisee 2,13/12/2016 11:01,Demo Franchisee2,13/12/2016 11:05,Demo Franchisee2
14/12/2016 08:00,14/12/2016 09:00,Lennie Lima,Mrs Test Daughter,"456 Test Street, Test Town, Test Town, CO15 4BP","Cinema, Weeley Heath, CO16 9AB",Terry Tompkins,YY88YYY,Telephone,13/12/2016 11:10,2,,0,Complete,,Invoiced,,,Demo Franchisee 2,13/12/2016 11:12,Demo Franchisee2,13/12/2016 11:15,Demo Franchisee2
14/12/2016 10:00,14/12/2016 11:00,Paula Poppins,Paula Poppins,"70 Belle Vue Road, Wivenhoe, Colchester, CO7 9LD","Cinema, Weeley Heath, CO16 9AB",Terry Tompkins,YY88YYY,Telephone,13/12/2016 15:35,0.01,,0,Booked,,Invoiced,,,Demo Franchisee 2,13/12/2016 15:37,Miss Abigail Bowhen,,
16/12/2016 10:00,16/12/2016 11:00,Lennie Lima,Mrs Test Daughter,"456 Test Street, Test Town, Test Town, CO15 4BP","Cinema, Weeley Heath, CO16 9AB",Terry Tompkins,YY88YYY,Telephone,15/12/2016 11:30,0.01,,0,Complete,,Invoiced,,,Demo Franchisee 2,15/12/2016 11:33,Demo Franchisee2,15/12/2016 11:41,Demo Franchisee2
16/12/2016 13:00,16/12/2016 14:00,Lennie Lima,Mrs Test Daughter,"Cinema, Weeley Heath, CO16 9AB","456 Test Street, Test Town, Test Town, CO15 4BP",Terry Tompkins,YY88YYY,Telephone,15/12/2016 11:30,0.01,,0,Complete,,Invoiced,,,Demo Franchisee 2,15/12/2016 11:34,Demo Franchisee2,15/12/2016 11:42,Demo Franchisee2
16/12/2016 09:00,16/12/2016 10:00,Paula Poppins,Paula Poppins,"70 Belle Vue Road, Wivenhoe, Colchester, CO7 9LD","Cinema, Bath, BA14 7AN",Terry Tompkins,YY88YYY,Telephone,15/12/2016 11:35,0.01,,0,Complete,,Invoiced,,,Demo Franchisee 2,15/12/2016 11:36,Demo Franchisee2,15/12/2016 11:41,Demo Franchisee2
20/12/2016 10:00,20/12/2016 11:00,Lennie Lima,Mrs Test Daughter,"456 Test Street, Test Town, Test Town, CO15 4BP","Cinema, Weeley Heath, CO16 9AB",Terry Tompkins,YY88YYY,Telephone,19/12/2016 12:30,0.01,,0,Complete,,Invoiced,,,Demo Franchisee 2,19/12/2016 12:31,Miss Abigail Bowhen,19/12/2016 12:34,Terry Tompkins
20/12/2016 13:00,20/12/2016 14:00,Lennie Lima,Mrs Test Daughter,"Cinema, Weeley Heath, CO16 9AB","456 Test Street, Test Town, Test Town, CO15 4BP",Terry Tompkins,YY88YYY,Telephone,19/12/2016 12:30,0.01,,0,Complete,,Invoiced,,,Demo Franchisee 2,19/12/2016 12:31,Miss Abigail Bowhen,19/12/2016 12:34,Terry Tompkins
20/12/2016 11:30,20/12/2016 12:30,Paula Poppins,Mr Test Son,"70 Belle Vue Road, Wivenhoe, Colchester, CO7 9LD","Cinema, Weeley Heath, CO16 9AB",Terry Tompkins,YY88YYY,Telephone,19/12/2016 12:30,0.01,,0,Complete,,Invoiced,,,Demo Franchisee 2,19/12/2016 12:32,Miss Abigail Bowhen,19/12/2016 12:34,Terry Tompkins
20/12/2016 14:30,20/12/2016 15:30,Paula Poppins,Mr Test Son,"Cinema, Weeley Heath, CO16 9AB","70 Belle Vue Road, Wivenhoe, Colchester, CO7 9LD",Terry Tompkins,YY88YYY,Telephone,19/12/2016 12:30,0.01,,0,Complete,,Invoiced,,,Demo Franchisee 2,19/12/2016 12:33,Miss Abigail Bowhen,19/12/2016 12:35,Terry Tompkins
24/01/2017 10:00,24/01/2017 11:00,Paula Poppins,Mr Test Son,"70 Belle Vue Road, Wivenhoe, Colchester, CO7 9LD","Cinema, Bath, BA14 7AN",Terry Tompkins,YY88YYY,Telephone,23/01/2017 11:35,0,,0,Complete,,Cash on Arrival,,,Demo Franchisee 2,23/01/2017 11:58,Demo Franchisee2,23/01/2017 12:55,Demo Franchisee2
01/03/2017 10:00,01/03/2017 11:00,Paula Poppins,Mr Test Son,"70 Belle Vue Road, Wivenhoe, Colchester, CO7 9LD","Cinema, Weeley Heath, CO16 9AB",Terry Tompkins,YY88YYY,Telephone,28/02/2017 12:10,0.01,,0,Booked,,Cash on Arrival,,,Demo Franchisee 2,28/02/2017 12:29,Demo Franchisee2,,
04/08/2016 09:00,04/08/2016 10:00,Lennie Lima,Mrs Test Daughter,"456 Test Street, Test Town, Test Town, CO15 4BP","Cinema, Weeley Heath, CO16 9AB",Terry Tompkins,YY88YYY,Telephone,28/02/2017 12:50,0.01,,7,Complete,,Invoiced,,,Demo Franchisee 2,28/02/2017 12:50,Demo Franchisee2,01/06/2017 11:41,Demo Franchisee2
02/06/2017 10:00,02/06/2017 11:00,Paula Poppins,Mr Test Son,"70 Belle Vue Road, Wivenhoe, Colchester, CO7 9LD","Cinema, Weeley Heath, CO16 9AB",Terry Tompkins,YY88YYY,Telephone,01/06/2017 10:45,0,,0,Booked,,Cash on Arrival,,,Demo Franchisee 2,01/06/2017 10:59,Demo Franchisee2,01/06/2017 11:07,Demo Franchisee2
11/08/2016 09:00,11/08/2016 10:00,Lennie Lima,Mrs Test Daughter,"456 Test Street, Test Town, Test Town, CO15 4BP","Cinema, Weeley Heath, CO16 9AB",Terry Tompkins,YY88YYY,Telephone,01/06/2017 11:41,0.01,,7,Complete,,Invoiced,,,Demo Franchisee 2,01/06/2017 11:41,Demo Franchisee2,02/06/2017 15:48,Demo Franchisee2
03/06/2017 10:00,03/06/2017 11:00,Paula Poppins,Mr Test Son,"70 Belle Vue Road, Wivenhoe, Colchester, CO7 9LD","Cinema, Bath, BA14 7AN",Terry Tompkins,YY88YYY,Telephone,02/06/2017 15:10,0,,0,Complete,pots,Cash on Arrival,,,Demo Franchisee 2,02/06/2017 15:25,Demo Franchisee2,16/08/2017 18:31,Miss Abigail Bowhen
18/08/2016 09:00,18/08/2016 10:00,Lennie Lima,Mrs Test Daughter,"456 Test Street, Test Town, Test Town, CO15 4BP","Cinema, Weeley Heath, CO16 9AB",Terry Tompkins,YY88YYY,Telephone,02/06/2017 15:48,0.01,,7,Booked,,Invoiced,,,Demo Franchisee 2,02/06/2017 15:48,Demo Franchisee2,,
03/06/2017 11:00,03/06/2017 12:00,Jenny Jones,Jenny Jones,"123 Test Street, Weeley Heath, CO16 9AB","Cinema, Bath, BA14 7AN",Terry Tompkins,YY88YYY,Telephone,25/07/2017 15:20,0.01,,0,Booked,pots,Cash on Arrival,,,Demo Franchisee 2,25/07/2017 15:22,Miss Abigail Bowhen,27/06/2018 10:26,Miss Abigail Bowhen
24/08/2017 13:00,24/08/2017 16:00,Paula Poppins,Mr Test Son,"70 Belle Vue Road, Wivenhoe, Colchester, CO7 9LD","Cinema, Bath, BA14 7AN",Larry Limo,YY88YYY,Telephone,23/08/2017 10:50,0.01,,0,Booked,pots,Cash on Arrival,,,Demo Franchisee 2,23/08/2017 10:54,Miss Abigail Bowhen,27/06/2018 10:21,Miss Abigail Bowhen
07/10/2016 17:00,07/10/2016 17:30,Paula Poppins,Paula Poppins,"70 Belle Vue Road, Wivenhoe, Colchester, CO7 9LD","Cinema, Weeley Heath, CO16 9AB",Larry Limo,YY88YYY,Telephone,29/06/2018 17:23,0,,7,Complete,,Invoiced,,Paula Poppins,Demo Franchisee 2,29/06/2018 17:23,Larry Limo,02/07/2018 12:14,Larry Limo
14/10/2016 17:00,14/10/2016 17:30,Paula Poppins,Paula Poppins,"70 Belle Vue Road, Wivenhoe, Colchester, CO7 9LD","Cinema, Weeley Heath, CO16 9AB",Larry Limo,YY88YYY,Telephone,02/07/2018 12:14,0,,7,Complete,,Invoiced,,,Demo Franchisee 2,02/07/2018 12:14,Larry Limo,02/07/2018 12:14,Larry Limo
21/10/2016 17:00,21/10/2016 17:30,Paula Poppins,Paula Poppins,"70 Belle Vue Road, Wivenhoe, Colchester, CO7 9LD","Cinema, Weeley Heath, CO16 9AB",Larry Limo,YY88YYY,Telephone,02/07/2018 12:14,0,,7,Complete,,Invoiced,,Paula Poppins,Demo Franchisee 2,02/07/2018 12:14,Larry Limo,02/07/2018 12:17,Larry Limo
28/10/2016 17:00,28/10/2016 17:30,Paula Poppins,Paula Poppins,"70 Belle Vue Road, Wivenhoe, Colchester, CO7 9LD","Cinema, Weeley Heath, CO16 9AB",Larry Limo,YY88YYY,Telephone,02/07/2018 12:17,0,,7,Booked,,Invoiced,,,Demo Franchisee 2,02/07/2018 12:17,Larry Limo,,
